<?xml version="1.0" encoding="UTF-8"?>
<!DOCTYPE mapper
PUBLIC "-//mybatis.org/DTD Mapper 3.0//EN"
"http://mybatis.org/dtd/mybatis-3-mapper.dtd" >
<mapper namespace="BoardMapper">
<!-- sql 구문 생성 -->
	<insert id="add" parameterType="bvo">	
		insert into board2 (title,writer,content,image_file)
		values(#{title},#{writer},#{content},#{image_file})		
	</insert>
	<select id="list" resultType="bvo">
		select bno, title, writer, reg_date, read_count from board2 order by bno desc
	</select>	
	<select id="detail" parameterType="int" resultType="bvo" >
		select * from board2 where bno = #{bno}
	</select>
	<update id="update" parameterType="bvo" >
		update board2 set 
		title = #{title}, content = #{content}, reg_date = now(), image_file = #{image_file}
		where bno = #{bno}
	</update>
	<delete id="delete" parameterType="int" >
		delete from board2 where bno = #{bno}
	</delete>
	<update id="count" parameterType="int" >
		update board2 set read_count = read_count+1 where bno = #{bno}
	</update>
	<select id="cnt" resultType="int" >
		select count(bno) from board2;
	</select>
	
	<!-- pgvo 값을 맵퍼에서 주려면 MybatisConfig.xml에 <typeAlias type="domain.PagingVO" alias="pgvo"/> 추가-->	
	<select id="pagingList" parameterType="pgvo" resultType="bvo" >
		select bno, title, writer, reg_date, read_count ,image_file
		from board2 order by bno desc
		limit #{pageStart}, #{qty}
	</select>
	<select id="MyList" parameterType="String" resultType="bvo">
		select bno, title, writer, reg_date, read_count from board2 
		join member2 on board2.writer = member2.email 
		where writer = #{email}; 
	</select>
	<select id="imgFile" parameterType="int" resultType="string">
		select image_file from board2 where bno = #{bno}
	</select>
</mapper>